uid,cat
14876672,0.539804689462
3315520855,0.569271415991
255557651,0.702681941964
23724083,0.532998691275
476512333,0.490590805503
54602427,0.663607316081
15335534,0.619544871908
21725307,0.485178342779
1015991,0.525787573842
3091890379,0.54037596228
3515547857,0.493756332788
479953114,0.53679884599
2536177892,0.545947269928
193069286,0.557176625751
258900199,0.654260734835
27754737,0.48946264765
16187637,0.546185263229
62521603,0.531377358548
575504644,0.501246856747
289145118,0.49770854497
1375306027,0.57163015927
251986226,0.506017477617
318669118,0.499170197339
18907463,0.671775480554
171213128,0.292597989394
2738717014,0.511566009171
14975341,0.51994191277
22053247,0.564607758626
1071841692,0.577891745791
860160420,0.510509875269
3370353071,0.48598724978
57377201,0.632200385987
16384077,0.583734579891
243624699,0.487775679828
97223142,0.513522285464
596869617,0.512274156393
2341044722,0.654737119007
179732982,0.631732965572
293765638,0.550728048343
445317667,0.523399153707
627212847,0.557736140985
122167306,0.729645195646
4218913349,0.500896598052
10791692,0.621578285359
1049171,0.554247169939
15368831,0.679663977392
96043691,0.512811732073
254640843,0.548210071175
970818296,0.466412630022
14975777,0.500038354217
66618159,0.504584136385
47448886,0.547115008202
18416448,0.618604560279
113476423,0.510972744385
188744528,0.704364074515
93029202,0.630056918476
32506723,0.579662396006
74548068,0.482157827952
19898968,0.637063643116
27067245,0.474499965651
24773493,0.626718383534
18842500,0.50601864467
104727439,0.523158867249
1645478802,0.613041770836
3413738387,0.431168694844
3998221213,0.552863800401
262341541,0.540098534679
3707208615,0.480680209019
2869068720,0.604119376837
247890865,0.647800906021
169018290,0.504225558282
1216086978,0.474237902901
263433749,0.560611404238
119571473,0.55668734521
82969624,0.542895678027
91882544,0.628545685047
26838084,0.512751055723
56001656,0.621673646497
2153710723,0.526070980764
49349804,0.521027043751
15467700,0.539116678989
2402059454,0.441096343836
99386572,0.48456132433
905282768,0.465416645359
524649683,0.571723931311
273417461,0.634246257647
472515859,0.476174488885
110265621,0.663345280466
18810140,0.536943673133
41911585,0.620336647124
3254912324,0.412500710774
227083634,0.644673933217
3310028162,0.464364122732
925795734,0.491860676326
258540965,0.490834489102
5410962,0.507906559978
295601582,0.61744015809
16516557,0.526630671552
546964954,0.605080707414
809108984,0.517190610818
2356348507,0.616093373853
100402803,0.549941954362
3000174200,0.570486260132
113346201,0.49130741381
176850599,0.688149988293
1017808566,0.473084048902
751011565,0.499779259713
245237505,0.542629728212
3249374986,0.524279420126
11699992,0.531391851022
592348961,0.502699666407
389744436,0.568665937504
1614251834,0.574496701793
18876259,0.467577096215
448792429,0.484448981079
1909557109,0.588963382045
225970038,0.506248268413
94454080,0.521233749533
34713,0.519213384934
617318310,0.525443241226
1647061712,0.470844918881
374331041,0.468627496579
22293499,0.512131533105
372082694,0.518149649695
18319387,0.505697674304
17454769,0.690236796911
4634118211,0.607929229128
4716070998,0.508941522387
73730139,0.548497652535
2556725362,0.463407854407
3450964103,0.569195663277
221162525,0.678470873395
421863694,0.514725851354
526977284,0.535759691623
30738693,0.521581242345
4434954554,0.499016931866
2863728977,0.540391717238
14420319,0.667661346231
942868836,0.717144903344
265685365,0.555477468373
18913730,0.573654491864
1692555433,0.459651043535
2292547999,0.479802600449
1025313223,0.711377760721
145708791,0.491109460909
23202279,0.507910351773
45943310,0.489156864044
342460950,0.416664238542
1600195111,0.467930038516
310586465,0.540827611744
74230885,0.577689605415
19459174,0.525560910483
2280884857,0.576782180679
24325228,0.514114604788
32901775,0.648853199313
44534427,0.487311000696
273189570,0.465340957423
3411839685,0.434822755014
80415454,0.582513203637
507415283,0.599251172219
19925750,0.54610341358
17238812,0.637560459888
364514085,0.486819616239
16583468,0.639362541859
470420282,0.520405768342
62950213,0.595639963003
816614216,0.468254415091
658253,0.643986889471
212634446,0.470429704722
1166969684,0.460939955712
1069353853,0.46314620936
3192392581,0.549455214216
16714630,0.482220887479
371726146,0.544427633961
4149644187,0.482698026027
114887629,0.679198472305
24382424,0.51467103202
180653053,0.54608860743
4014574593,0.614138831665
424446981,0.624392466121
73829388,0.52567501245
11471902,0.507893814794
4112223267,0.518447910983
240913462,0.440382961079
63048772,0.524658654607
215911580,0.565119803627
17665196,0.643881807207
315657427,0.506599993512
481430749,0.605735891827
42256596,0.501100207778
1590693098,0.676210684476
44666093,0.489616626452
296946929,0.587108747574
60140764,0.495222563523
167024520,0.573843032012
606735694,0.492961603598
3631648093,0.449490031276
248286601,0.477552378648
243666326,0.614537995469
333720818,0.750662566636
402329017,0.651027216892
370216378,0.54738220429
15738163,0.632547603434
435336487,0.614841879007
19041801,0.541621044011
3332640269,0.525083301978
3449523733,0.496466214152
2208173625,0.546763957102
4091481669,0.560281055701
1702560355,0.588410096197
279711316,0.705531910048
1249892281,0.665739894995
20713061,0.64010579111
126783082,0.527990161986
44495316,0.522984852104
221179155,0.514866646411
24546965,0.667892445196
931892910,0.496290608702
125931208,0.725371570951
55643849,0.427239091894
1954451161,0.502868002069
2232041,0.616613682469
344166129,0.487949440738
366939898,0.487579998092
26447622,0.600433425328
19697415,0.496482823153
35688200,0.473124104643
197417201,0.558109025139
869207839,0.514294794909
156045092,0.67845062281
323063606,0.496056708951
28708693,0.566712252809
37031780,0.347821563381
414257018,0.504929880287
261066642,0.511410611447
50073507,0.55471751439
2964197287,0.506659204828
535400371,0.470166704418
19828669,0.665421456862
254283743,0.525276472768
34574304,0.534704778726
3403451547,0.503787904187
1003130904,0.473514019678
62132257,0.542267913273
348819508,0.518935879541
400691253,0.44858643798
34377792,0.586249169721
2424639619,0.451828991926
1251872904,0.621953714001
2314440847,0.616081954381
304222354,0.469832006908
156831916,0.532059259811
473469102,0.560737311788
321589427,0.519031075029
19927246,0.505805993806
14815439,0.515979129946
160219862,0.496258213262
124653833,0.49551479567
586125611,0.505376349042
3351730228,0.535667022261
2951975306,0.433698892953
471306651,0.522856173833
14193053,0.573477216711
819953,0.486675253276
2438762940,0.596385728395
14653515,0.519407821192
273280418,0.516194501503
11866582,0.574426636095
20320732,0.519799246597
2233635295,0.506559468282
49910253,0.415397052255
501322226,0.56210640103
55677432,0.598638436941
2300514811,0.527206637959
543780273,0.529294834772
1051333165,0.49568292262
239964758,0.530888454322
306614871,0.481559895852
19632767,0.536969630484
358421123,0.708005360192
3330052767,0.541463376247
2198704819,0.558437865865
271127232,0.53080725148
15471305,0.552479112918
17896154,0.655272858216
314797521,0.542054379135
3098400900,0.503949988703
21173031,0.638077711452
14652207,0.631575509519
238064439,0.527401487686
173216568,0.536266010678
333615931,0.708261406721
3272381252,0.527434066421
30020457,0.55248320282
164369297,0.614903464326
298718098,0.520976283237
76452765,0.652586072681
26186655,0.591013815344
115119048,0.336533576103
3284112337,0.600577729671
33428464,0.62944899303
218993683,0.602298828059
469921287,0.427417934822
540316720,0.526774062239
1901990995,0.540168658053
95687767,0.523312186063
4708373603,0.440191402311
1548227732,0.503536071108
38568814,0.672179923878
305435798,0.605192408792
273028251,0.466525512077
703599787,0.488965124014
52237499,0.542867860763
428741825,0.470465724426
322868425,0.506575542236
19797212,0.549946406861
20485360,0.49180246111
2311099634,0.523108455928
1470960901,0.668521512161
388666653,0.546101752394
17995040,0.541657455248
376542499,0.468583316793
23139642,0.661010967248
283284818,0.430047051172
4003730774,0.512601021717
15865178,0.521776740911
519017852,0.482150007226
298915258,0.498707179426
257529281,0.620269506182
50206233,0.532064152793
2356549188,0.489809539159
59217500,0.724950735213
19273332,0.556620065064
264377994,0.568790799126
14844867,0.525170600915
1380718279,0.495038348346
1360631528,0.564989672388
23566062,0.536676892652
4113864453,0.507075845828
475404591,0.591815647403
378181419,0.643531128492
1199397170,0.499327302856
3224770387,0.550842422711
768415572,0.506871130189
2579109732,0.53128862334
117233982,0.555511378247
24024964,0.508607165361
334753435,0.483873898838
10688432,0.63666002913
524916657,0.524405288906
611358661,0.544794175924
2823788486,0.650743753795
1247418349,0.4663528871
281909255,0.523136494985
70162470,0.505351645452
385521710,0.707635913834
1353324606,0.472787258929
330537050,0.572644261809
88348765,0.53202244415
18618463,0.477226539159
20912252,0.632294012279
301799554,0.493937269158
2380699792,0.470604585345
2424707233,0.46474155152
2657622183,0.476587978515
166107508,0.555147823671
16565279,0.551124940082
123738314,0.663590922282
818551056,0.469721837654
885659928,0.471618520302
84482355,0.458973017221
101783862,0.595349254375
1311764197,0.748221377713
18061669,0.708696112238
754129262,0.511558922073
373656619,0.578986094658
1912576375,0.483633384594
21600671,0.532116890032
22065051,0.599457675402
896342461,0.566571676181
579377606,0.461841860803
161487326,0.500461440633
1377573355,0.671227999005
302422512,0.486400420323
52304376,0.517010087532
67181051,0.469695858975
16882190,0.58673528279
24091175,0.60979195787
2154273384,0.466944117855
185506471,0.505088286657
568695530,0.539431980875
2417826549,0.725284563297
31464192,0.652626416881
187658030,0.510441349955
17177380,0.504506200498
15932201,0.560853253227
16620338,0.495799716827
594156339,0.628639748925
193796574,0.530264016465
626006840,0.526338157368
194222922,0.609437369568
373758798,0.554817609679
18891923,0.617719279418
42244985,0.516668690283
176659323,0.621951623501
23239595,0.408712352825
17079233,0.595953515167
266247126,0.545260049379
119074643,0.561034017598
138910709,0.445394898622
344464386,0.476917077094
1681857542,0.571747117668
122592298,0.28228386869
563387452,0.525350132768
20601355,0.561133928389
2507906130,0.556825784421
19891385,0.485004983225
38542427,0.585138824884
18259073,0.475257399999
7871622,0.498873953423
903105691,0.507358518671
1488897421,0.629497012579
3539836095,0.456893154847
586319054,0.561739767317
186621181,0.506567067262
540351762,0.487391101364
114007315,0.4952099517
15801623,0.475126609751
8953122,0.707528021299
185277740,0.668564282787
126628076,0.589019968694
163939556,0.62482340265
363437423,0.517655692995
133832049,0.739938196326
475274619,0.523866841922
24321412,0.515756194796
17674136,0.674438873717
285744541,0.54183438912
49159617,0.636351625937
110632424,0.521826474476
3400867311,0.607160074854
3311869442,0.466305568892
3422789174,0.508976120648
166764102,0.542476257095
103849564,0.490341469342
195829353,0.588100397576
3325576474,0.519649104507
254910150,0.56319810472
28417752,0.65039887301
444374745,0.626822183342
3310526178,0.583339966391
407805674,0.664803333143
192028431,0.52479581372
250912539,0.581150279116
138977055,0.5539093685
354197301,0.505006042307
82419517,0.544504452979
88940350,0.563898188893
472522579,0.45561295787
166633303,0.507872198205
4656078680,0.585409420057
805307714,0.436870331704
1031872406,0.559856448968
347971482,0.530235512116
19341224,0.512610572685
166272944,0.631326899731
1024827330,0.544792973762
3434356745,0.61505754489
112533514,0.508996050491
517840915,0.496668596756
733028388,0.49076753736
240984102,0.665545579227
4597457008,0.549608487404
107290835,0.518383082245
313008342,0.485746415257
21537009,0.55944133948
85041406,0.468147488178
35758363,0.497017815642
342499618,0.486933689352
3419873583,0.552105307453
1899432967,0.443255452956
21111098,0.679089381811
231895094,0.486076202057
564273480,0.508925730371
44638576,0.543525855475
30024076,0.570612384099
15966651,0.554856808344
52076995,0.54215353202
34833836,0.444212489515
2244682254,0.491519211055
8921662,0.529528048474
80290374,0.679167327518
40182386,0.492230566636
211871567,0.51215466789
14179097,0.56180482647
44036125,0.516836665459
342893296,0.519630702644
31524308,0.597179507208
3010503427,0.512490848585
243639047,0.579185771466
593175315,0.516240675744
2438013757,0.496356273548
307897150,0.535161112657
2988647262,0.516849819167
2736300903,0.527096758228
67576760,0.486328815432
513778623,0.501948765399
1499145156,0.676214386023
31237069,0.580937023663
19407835,0.674014697809
134849548,0.524961674633
26996910,0.521549150592
110375093,0.478242160317
58074184,0.493271322146
463414347,0.48866641935
14591053,0.667671350528
464790606,0.467766830563
3872826447,0.505077104273
201008210,0.494659116106
489720219,0.546069355989
1967614440,0.440160689679
3368690836,0.475927769871
262349987,0.479584441825
3294955041,0.535074520191
273130714,0.696338438406
251831537,0.524814389075
2667881743,0.471755232052
133801267,0.562730338685
29828407,0.53591198766
25470277,0.538069040043
701423921157943297,0.5159493915
3270321498,0.608117370525
14558556,0.573836994531
466920813,0.479783194114
169518455,0.546309702327
28611932,0.479032530643
31630823,0.529043740145
189408784,0.492837477819
17147415,0.516932650264
842475074,0.50147392435
798762666,0.63455762179
571483825,0.680908472013
28583679,0.528338777822
593667852,0.531847756523
430924698,0.476980163485
4164429193,0.462291708117
388540227,0.616628704723
29501253,0.630696812853
549824334,0.518945576393
396904079,0.507262603558
41035664,0.699193885926
432973716,0.580459082398
408168342,0.497581347861
177549638,0.719664410703
202480627,0.474896555875
274704311,0.447518855174
52897731,0.511159763586
12199912,0.587127781172
3329825789,0.539931557027
829859839,0.571818788457
277227522,0.548938492173
27535392,0.504032210968
4488800302,0.487225672525
187377716,0.593797646088
606726493,0.656495834711
42084426,0.463676596128
22489176,0.557992091631
21768283,0.651499732296
3418466404,0.450431168511
24553611,0.663455742208
3422267541,0.57844835337
327526580,0.483591002094
49031364,0.526743694604
11217112,0.480430157242
3258001632,0.595637415504
3277433070,0.527648201266
27109629,0.47486766771
329525509,0.544493845998
4823066891,0.473319872323
2949261587,0.567226083299
352547206,0.664069775633
698663,0.459811942152
779495720,0.502505953666
82167518,0.558292187301
160724902,0.456592091861
24619328,0.626605189744
942156122,0.603192109023
51194212,0.487973339946
16984426,0.538473966696
332638577,0.475648681425
1707682164,0.563510764167
185903495,0.472493071865
25700780,0.474602983232
3452894301,0.458455032375
1403202007,0.644391071289
15837659,0.588463512699
253110749,0.467453385648
3424299539,0.479088482596
53848598,0.477207980825
95595053,0.545712017051
402434614,0.565492237862
727242919,0.683750296839
2376582930,0.479316829119
241922493,0.391894779563
27044466,0.581256787239
47360640,0.495108545459
277719684,0.491207658525
386640525,0.497421682937
15248019,0.606917409187
184780576,0.524261685922
33598182,0.722394211783
22933975,0.658196501156
23600262,0.702442632595
4884966191,0.435279019681
145042229,0.519390452395
900035040,0.58545445226
36940614,0.443155267393
993962845,0.553994601949
757345172,0.510839075619
84126644,0.541585695306
4618300349,0.505285265384
28421062,0.566922435057
18525137,0.501708120493
17968106,0.527406883832
3224644603,0.496245084406
24751102,0.707992199068
3275533321,0.494658116501
399617039,0.485747818787
1975823378,0.527574297183
357936154,0.53890862905
948471642,0.495776846234
102116396,0.49956873281
37925384,0.544897773727
90647602,0.455950037793
4070524766,0.50261544139
853748822,0.524056777453
2984750201,0.481862023705
338701477,0.494036356108
536781820,0.468589007338
1692609740,0.57376703308
223554780,0.709574690734
1858415868,0.517461046963
347745538,0.566590568922
519505793,0.480548348456
1370926345,0.608655520986
3139186004,0.494242957041
3486342376,0.509820474978
590294390,0.588603474915
22228362,0.517531085959
2875174331,0.521757880194
24004161,0.546891894956
586132952,0.512419610303
30453215,0.489097491954
3388321263,0.469418432
190328374,0.696629201303
764423749,0.558235899866
2705075796,0.469009293604
698513665687818240,0.553078991794
533278348,0.473742686524
549596819,0.494806797714
55684796,0.485539985416
1190604492,0.503544869827
52702957,0.452644892615
142716668,0.479699631524
28389123,0.616468755166
2522001204,0.527311301128
15150904,0.556371843861
398045016,0.539405718511
4835749726,0.531807497312
367308660,0.420268450806
1966845822,0.494365286572
1115336587,0.612904240869
3579096975,0.571623355644
4204474265,0.481586509421
318681017,0.491662590643
540815308,0.609262631406
2377691090,0.504427802455
81014765,0.560476425489
198488053,0.599671573557
1057566710,0.536295712448
37171200,0.49039204811
19705861,0.543944722713
44970004,0.693797768471
901209434,0.557545557154
1592635465,0.535275409314
570437806,0.489390116366
23244977,0.526110592113
364916934,0.518616318686
1268625612,0.593795311788
240431327,0.488275442542
4834734315,0.480409505027
2812424461,0.518522401439
135344405,0.503347253586
245412130,0.540879930958
17871151,0.572320303443
88551731,0.648118320552
19214688,0.518137383916
483078503,0.493292549003
428880240,0.517464877881
2718347636,0.544504125927
849162614,0.526045014998
270053769,0.548519899268
4679578027,0.475054813208
1592078822,0.472680780126
57389552,0.678309810124
19739126,0.594051030441
21312077,0.685844863205
16265835,0.605532325892
19372353,0.554017933534
8434292,0.461272312128
3167335095,0.535550092106
2984587975,0.514851627577
1387885346,0.55128965278
2247466446,0.463640674892
2829300438,0.580838671731
67973860,0.581542809444
102150935,0.506265786834
58569513,0.503086691236
912634680,0.513234686693
879506286,0.741067670049
1250538404,0.421816830254
101626804,0.455867079166
77050817,0.58979007316
172962811,0.530572028513
1725346819,0.665250589209
2802332676,0.531647440283
2808067079,0.55411956911
421573665,0.502340733978
28390436,0.703843819981
50574380,0.503720533291
438449199,0.580584379499
3301127227,0.513818609487
2279996258,0.45311029359
177583197,0.539354899592
16430180,0.591138233964
115979444,0.692461810506
459846845,0.602309651469
25703657,0.586161657401
2927834407,0.506350945702
1334785333,0.504011042676
1146533180,0.508282674978
24196431,0.644685919614
58209656,0.573798928783
340506013,0.728272891475
359019937,0.546771140196
13612452,0.49963998681
363247022,0.53817273241
4696552878,0.49823032681
3188733363,0.491987331487
23442900,0.561022650305
625177508,0.411907300799
918009306,0.46659015809
967423477,0.498916792944
1193686536,0.499634312497
22591029,0.534899458754
4347747935,0.495740365495
3310696012,0.485510126433
346043982,0.508561652158
335033945,0.53430220752
520697434,0.505193524234
18757212,0.460582400047
20002401,0.673659787232
253081186,0.489180863204
16397938,0.502628905253
3394554133,0.435781665947
1480505023,0.681607739123
15141153,0.523340630048
15644361,0.536312014796
111163086,0.456792877441
23410387,0.583700045957
294991606,0.605446361373
18986746,0.536422209041
49035017,0.562995253179
3750639374,0.469438131162
2348922644,0.562128095091
102773721,0.599873299224
123035277,0.567741425989
390477696,0.468675746802
1469822852,0.529495297269
1512191946,0.514421791728
2449913803,0.70790611328
3864868815,0.502447096692
3352803292,0.4794498703
309999584,0.510506664836
25376782,0.432536605019
7457112,0.513542686819
3587553312,0.444097488443
2576136230,0.46740992513
33962024,0.666710537232
95303730,0.506810429743
91863101,0.453311443288
619362392,0.648279611209
3885414492,0.495705450351
4490213472,0.624211515964
15949499,0.525468806404
3316267142,0.492578544821
3394204695,0.554988018704
54081679,0.463808274301
110911172,0.53021578484
17905825,0.476507359674
22952100,0.621390050501
349386919,0.401195692171
46315702,0.433377215836
1483880702,0.50347883394
24754443,0.608922305855
3882727697,0.602921199145
249542934,0.470848950747
35567897,0.467038076317
153198298,0.500476381027
15939889,0.568736688529
480655666,0.536115766859
15350114,0.488940760618
3329931629,0.527665108944
257145200,0.542764467868
170801530,0.54430853689
100612482,0.492511772926
85794542,0.629936231904
16955832,0.461806767012
28428796,0.57439679896
56867302,0.580248065021
966638065,0.601203563239
8161712,0.516045243106
4094704180,0.535025577434
19511892,0.566368044339
36715157,0.495858957488
160348847,0.676213961292
3588504253,0.503011886964
1334852306,0.4421094319
116341480,0.524535394642
49494776,0.495718584037
249379601,0.634855154909
2278767387,0.525921695453
5815162,0.534952558908
3407395714,0.630185906025
27311044,0.55246243797
15698424,0.50200229431
1869036517,0.558456829627
1646771184,0.522222158354
284210345,0.551799791662
77544463,0.533549696833
494550045,0.586710593289
2148580382,0.531969257599
439434273,0.650851819435
320027703,0.432779939345
212934500,0.52829926126
32291954,0.494546781003
15416505,0.634250433548
18496709,0.676755512292
4606770373,0.48604319792
213761225,0.523109632939
35728482,0.581151880058
16563441,0.507574676126
30260471,0.536695194664
939015420,0.517504629049
4302290188,0.493624335881
88620317,0.654179541784
126401831,0.481498807253
83967276,0.614962339222
156745023,0.519019662404
3102653770,0.569860626983
139738464,0.508401030122
40713594,0.472215571733
240303484,0.714397674045
94125439,0.667986746336
305216911,0.653637029623
238206354,0.623686920582
292699555,0.688054787468
20495784,0.588885817455
3081420210,0.5426416518
600470774,0.583029529818
120550648,0.618293233908
14466538,0.736462864012
18978553,0.581905190018
343653872,0.484266947633
40602195,0.445819971527
557465085,0.570513189558
18464266,0.577199935549
3299786253,0.489242994614
42895967,0.59194372831
2233646658,0.521613010102
113163844,0.472222568076
247905865,0.526749827224
321732170,0.459411877333
244268646,0.729067651529
124567146,0.577542275818
543899246,0.45769006976
180633258,0.666017432121
38059716,0.603221123902
19834104,0.586772183492
291553031,0.469083810172
124763921,0.561693606368
14991129,0.487294976581
129679132,0.608201856123
3192012592,0.607574237644
1629339452,0.527421483603
3386031940,0.51478541053
32522055,0.572834851295
2534195028,0.42044067178
2150350748,0.542974233961
520011678,0.588657153047
231129000,0.518250392764
3397533639,0.601763380387
544751564,0.51868190243
20824022,0.644584932869
2716352475,0.528402055486
1265169745,0.548314523142
123879401,0.556560925013
1258209258,0.628454354274
2270543852,0.49871043064
576012298,0.605279927592
40910906,0.707188769213
64405579,0.613222022701
30687343,0.526343205058
33655490,0.636926352481
357810318,0.560138855495
7356562,0.635466780393
2564440225,0.491334653413
256426166,0.451821160514
375374016,0.482675542067
257048770,0.482529162803
1510817994,0.500356801515
19808466,0.526102335015
31146195,0.41225478595
5357812,0.717436265575
790055636,0.618550935093
33276161,0.532263242055
25653022,0.48304196363
380608558,0.333201829445
187253039,0.515858396986
23970102,0.689813115354
14529929,0.598474699942
21946424,0.608174508537
23839068,0.55534029097
130171234,0.491205233033
17842545,0.688057048549
21367529,0.508203311837
2216018301,0.502186303207
316227968,0.485530931069
35766688,0.704204209633
820068792,0.469952314423
3301553572,0.450052667032
1697300972,0.53938615024
873546254,0.565170865316
238862918,0.654904747029
3946365557,0.464356642275
261309062,0.637990926075
3242279563,0.59196440844
3284189839,0.505560814982
247854534,0.657561569191
3227730607,0.575259379525
387528139,0.526549523654
2203894490,0.601694997499
19940085,0.592287817759
1081819903,0.667468058276
3892233005,0.504450773845
2279949104,0.727204994623
1287439165,0.470866342699
41410702,0.595267773319
66536279,0.546534863936
463422324,0.711574384259
2951005084,0.491694988348
3235955615,0.489531932114
2714551200,0.513240004354
3424368129,0.624414852632
30229527,0.574463405291
4169286705,0.499233687148
42222668,0.476478020716
74662993,0.60660950112
1328464994,0.529365736529
335066641,0.626476238327
405652616,0.505076266247
4139467932,0.475345664776
185189538,0.489589431873
116835497,0.532932719921
407880875,0.580007780098
33965228,0.559523356491
281560271,0.49287057479
279692503,0.654147978518
2685519077,0.508129603159
388777195,0.491980454405
310199546,0.446990908957
46286327,0.513723519591
87278897,0.566011544947
59917627,0.594053085026
82179637,0.49722307323
3429057861,0.463198226498
1134387428,0.566125725153
965133673,0.500490857811
115230067,0.560991814558
1068545598,0.495583513445
491472275,0.468870479329
38356380,0.588569831326
804734372,0.566285982094
503662020,0.4995335307
741492187,0.58373714198
4646585837,0.502870994054
24462845,0.496880674242
1450526228,0.689022619337
3250894425,0.552103302831
922427654,0.474667588626
132564528,0.448415542922
49825358,0.500787112036
1478211248,0.648334250071
2159855251,0.525950574012
2233452180,0.637043684052
164447901,0.476903897005
75893701,0.629435044339
46909096,0.524470494188
4855383726,0.48891347164
17099702,0.507531182832
3180033518,0.638606385077
16490790,0.680604330635
41043688,0.521430029939
996067051,0.511596126029
1516193521,0.510570316939
1428047612,0.516566268873
118245138,0.545272429422
20563733,0.502693373458
2461452080,0.482079849226
3816965963,0.495591709135
640893,0.535775281744
3352466116,0.402282246542
112576406,0.480893060055
22005666,0.544695114462
594368622,0.470348838668
3309422527,0.517477308036
326944732,0.491965952098
478070780,0.526038030665
134924292,0.485758649545
21907474,0.670191503789
102446768,0.499600689495
500058151,0.45530141016
279333899,0.477763776069
3573336134,0.537184583204
233949261,0.615344146605
381144077,0.527279148207
157665372,0.492638251912
2178009186,0.430902580234
103893110,0.713141971596
611403956,0.487345020989
18613,0.550080496691
61028046,0.474513799975
218975278,0.703159138163
293816619,0.509307497625
18401584,0.66825473052
1297729854,0.502715407685
4433841208,0.444551852502
19515741,0.587556882024
2655537530,0.476992991467
56838529,0.570530314388
542230961,0.446913456777
4332046835,0.542351921784
77875702,0.460475622115
2280933884,0.487128741611
58542624,0.491259672294
3743861356,0.522899695157
248498819,0.5824021803
1645759142,0.666574122508
3410807495,0.622885636426
20597460,0.60635530769
298240756,0.528586748293
17189640,0.510221816343
50678562,0.472349070451
1854917430,0.501088658171
4847815478,0.497639387677
274746177,0.529034047209
305056580,0.571539244387
12897112,0.576544164102
63228779,0.506122950425
64015215,0.516480827552
104811393,0.580585885636
15027086,0.651346234161
4558048156,0.464337890498
1355828240,0.485253153308
948620310,0.447092188712
2225785909,0.519313806605
124275780,0.451886897945
3772927092,0.48111803118
149965942,0.615452920819
63818888,0.493122934246
21056670,0.447948749407
97583689,0.716846679709
1892830382,0.501103079186
401859102,0.521033510552
16829641,0.494051805565
845139168,0.53408505813
179948811,0.504592806956
3171738157,0.542769560786
24431892,0.579246832399
126668055,0.548662215559
4796927255,0.407072813224
87051556,0.537667907676
1338330434,0.495723431221
1559350598,0.554970988081
289623381,0.499518778251
1506845246,0.477530012973
4889333114,0.426706068861
2502348015,0.535127954585
2802077124,0.551970330293
216419836,0.485851925264
80624266,0.500077427026
106843663,0.458625855463
65981979,0.551673027705
231558689,0.439724619544
36848129,0.56466527727
606981387,0.576043556546
3171896913,0.585383078341
271208038,0.492384513268
83283585,0.493738014446
748310160,0.518103212641
72273570,0.552338217243
24891056,0.505607974468
783142584,0.518203093664
53104326,0.498291867855
120835788,0.564175477255
358305500,0.572022999405
429543135,0.550125920664
3354545907,0.487441170905
3917008632,0.470794404754
21163774,0.588941516346
23908154,0.538726647887
13651772,0.518627330482
16092470,0.522537688091
66336739,0.4564520789
20631422,0.548139495207
113758100,0.500732882731
21324442,0.524067436366
128733097,0.544283621458
3795603381,0.469088800247
387862476,0.633955305039
11783502,0.536652124914
22728672,0.53283915813
2942226411,0.582704931614
39604218,0.537947597172
15880231,0.394017780921
3913470017,0.560582234046
3228880990,0.577949014481
1551868069,0.478000388771
3353727100,0.525631150848
22630531,0.487508817746
1009864844,0.503331193978
25907345,0.525568011841
55398550,0.464668460813
100880543,0.447354249095
168507420,0.469640954687
789205164,0.644880191958
2352599250,0.598921131306
493015263,0.5240875799
76221819,0.510663996342
15519984,0.667038305939
12374262,0.549260086076
19550464,0.65240606388
49140008,0.745951619787
2997047631,0.495298757833
19911013,0.523769634936
252989813,0.511476632361
471617923,0.468674231737
633426347,0.532915241636
1417040330,0.486476237751
274813393,0.561051031745
79258361,0.501707848189
246403554,0.535152223768
625955310,0.652342900654
52482547,0.651360090797
3786822133,0.49392750301
724816394,0.440420146073
533713424,0.484665113932
19616327,0.567411067124
20370009,0.560302931752
1216795250,0.683710415051
1098402872,0.549849175641
67130089,0.490117830787
2897022418,0.470337731541
1927205629,0.462843853347
221762308,0.622069202724
313545488,0.547300056657
191049947,0.542901975894
27382597,0.588126687092
31970121,0.473305329346
3312973854,0.416934479928
113431424,0.574555606922
17763819,0.580027185354
331142058,0.48991907128
331797450,0.477381235918
123327472,0.620629886391
257774605,0.555434513162
178836499,0.490186460689
43612335,0.530059613313
889115678,0.721351910946
1010979907,0.429926566069
3242841195,0.439417374981
227595374,0.575036537931
23001277,0.66173049946
414191125,0.539147467167
3498857657,0.499754811469
16143547,0.490848243488
211932365,0.484600690976
76200159,0.592338930384
3306201620,0.424346549285
237348797,0.568423677617
237131131,0.541000436178
23680387,0.455843669005
2300073361,0.462538426939
224351666,0.505859828372
4809119178,0.453459448263
389236289,0.439604495164
16504279,0.554579291475
21431618,0.566126646695
102192639,0.677480728585
16340501,0.580017801392
386553462,0.682609234064
67819141,0.483148617478
14997156,0.468141097708
247981000,0.540273177727
26166038,0.508592889217
388585144,0.516216252713
3848656575,0.458308700635
154621647,0.542378115912
1549686492,0.498528078083
3015956192,0.58230482946
2308265716,0.495460268044
583390972,0.492990687786
45438720,0.44098330782
3970979594,0.50479529648
936040214,0.503403621067
322688820,0.608925906114
260036406,0.572864878053
22402879,0.582603681374
4635514699,0.499567589684
496293711,0.526004939544
61003613,0.501681801744
562517854,0.700907120971
226219881,0.655746147664
517907432,0.505296626606
3319052612,0.527512642125
41867187,0.545580824088
20961223,0.522528644391
4882094038,0.507544199523
170547167,0.506474962168
398284768,0.528231825939
52771152,0.506754954898
579491814,0.513412908494
3105380327,0.669080467302
105764853,0.582729531635
2485901304,0.526411707011
20797433,0.470151435826
4049098757,0.544561272061
21157904,0.656420101735
88791057,0.468110401072
488724506,0.513347755842
96426017,0.523087687257
15030319,0.518682299925
212129844,0.578071940279
308500560,0.459371601464
2459129959,0.499568446699
140564601,0.467170659237
119495864,0.515772510695
4353841283,0.454859835348
17029260,0.52875895349
237820048,0.470252317918
271997092,0.629700140436
257251498,0.473949633127
2877118643,0.420368051727
17291452,0.554515282053
4197996737,0.533796610753
47208642,0.460360701317
15355596,0.524208040593
366008526,0.483565852616
2728581335,0.507539845187
54941938,0.563724851109
564091125,0.400866883184
480786828,0.599976669488
780786054,0.465135771738
308861333,0.581391250756
31218079,0.493010409523
3293501861,0.448347934423
3093158331,0.461748927299
262396353,0.555431239646
4434221542,0.622968458577
26073624,0.538876039105
177592870,0.565216807447
248109607,0.562000285811
1319295614,0.482862375026
17259137,0.618591633592
19782280,0.584398917747
473782936,0.689634025984
14869615,0.518457634321
17914526,0.576371586945
487840423,0.730067510451
2706201270,0.515000173316
2491964094,0.47505742298
75422403,0.489858509935
359119320,0.475513330529
3432209199,0.487600285735
257186608,0.472087201718
273177474,0.401048588588
216554380,0.509057131001
626331458,0.731447039635
993483668,0.649351497955
20565828,0.625188019157
4522269616,0.498120545783
42130355,0.467696633999
368204729,0.545781513457
16571326,0.642596789363
2607995856,0.661342642416
20863953,0.488860923383
1884904412,0.532594611613
359652362,0.554855543646
19042148,0.54619595254
1340365914,0.619759359032
1123212380,0.447317214092
199875709,0.563221912435
23420032,0.659181207817
69229697,0.453049982587
15588500,0.507959949137
41016473,0.434235402054
2936790183,0.622794997315
595713196,0.587267348224
15361224,0.57683060923
4119741,0.589253862929
24173766,0.532460556798
39279821,0.637002388176
13524182,0.558249060082
4729789692,0.483005740962
591584517,0.496859507093
21355783,0.365112441436
290011697,0.567953370104
3111145354,0.496389455913
2733006195,0.5051403401
117529976,0.501657859483
330718614,0.558364973512
209739174,0.454455103619
1046175163,0.473521291254
283499967,0.58077925772
1072520654,0.533289303584
3195330108,0.435173715317
565042773,0.496299088795
234872414,0.667413411328
2317921,0.539458637497
3299860077,0.519200047667
49729058,0.552644928216
27254400,0.470657075694
121626258,0.613763469175
16670356,0.471400944186
17850012,0.485590117629
270425776,0.501828306871
190537400,0.519180098294
72638139,0.464013356769
24469207,0.574963267362
329899747,0.526679080915
19682929,0.581977393322
14180091,0.663267773931
2333040390,0.482488738872
472145673,0.567489519638
2561564432,0.470152038223
42229538,0.513064472918
1963094388,0.522316905021
92528463,0.570187028575
564813651,0.462385101396
4307235683,0.490078714817
15097698,0.499027387555
838557542,0.635368974336
1963712388,0.567339924648
310271883,0.616273385789
19554219,0.597380557407
22831059,0.69853038501
22568938,0.50485997699
258203630,0.516837939847
43933689,0.667591299346
3331481614,0.599998765445
179070296,0.551610183957
20733972,0.651278697794
265183253,0.532326657425
634904655,0.585544746025
317808744,0.532208551544
61890677,0.647115718822
3433390213,0.631003676465
210002058,0.534177384124
4650885269,0.624571152835
114024610,0.458701533029
23683237,0.42444264454
1289674926,0.610256458026
758636750,0.53356795029
345104604,0.481221087516
1421631721,0.535409350066
2951733495,0.466261841576
217145597,0.401789621304
114548995,0.615602774863
76570908,0.494729552892
4434223398,0.543044784601
2868258183,0.506482195942
29810999,0.571267799124
45801800,0.518637972525
322134353,0.506881014605
236511574,0.767112903029
51798402,0.491337411862
245358984,0.473593268674
1957716374,0.509336206714
887203226,0.495482668883
39608768,0.474196237157
18768324,0.576528273171
38992631,0.659645801009
2818204127,0.517380953813
129350395,0.492908673565
565469671,0.618458144864
306962931,0.676320219247
418308596,0.527829012972
97575423,0.493799458842
161210880,0.654321870132
42295835,0.448888078048
38527519,0.531074158775
534745180,0.530149817818
4644102737,0.498496979566
480928357,0.505783147337
46817943,0.596736677552
14607035,0.508025645851
354771693,0.402896076239
176153330,0.579711046508
469885689,0.476531571504
112255767,0.502989574207
40985398,0.452191379871
730587960,0.607229720544
230450027,0.585018499297
14246765,0.603894767371
1242653575,0.502221893621
171598736,0.641358839561
39871383,0.551899477211
372892570,0.520384285079
696533957651763200,0.506740706434
1176527791,0.561735736097
2564285390,0.561725431387
3104990163,0.4980255437
1660314608,0.500844112121
88957942,0.716541226294
261350404,0.449761234856
16442379,0.508006195527
14345238,0.593899209917
1700717659,0.549125301467
4751746148,0.422231907157
258335849,0.594489415455
3231868097,0.471577526021
28884165,0.619213380962
142075152,0.505879617407
20800806,0.616395491386
923985200,0.547699011474
1861412166,0.492428543063
177169769,0.472373068142
104588893,0.472500893003
16442769,0.464782336153
225068510,0.525197341063
92431821,0.548329413373
166618587,0.456531277396
396158429,0.572172208891
426251923,0.533949224299
14312952,0.537868262804
57435654,0.711512817026
47801895,0.491821385221
2482628143,0.49256792761
109307442,0.534700392837
2891474527,0.564656856435
56452670,0.445836584897
236906055,0.618749956471
1601889872,0.524836259997
419161713,0.419007945532
49964679,0.520126328631
123266709,0.618341761406
51537566,0.480847148512
4581287603,0.515850293178
265512657,0.563480635244
14640856,0.508642179002
930506466,0.498733133317
16246524,0.527016123502
286680865,0.528982446404
70477603,0.622288446925
701392680,0.515701280738
562390825,0.513858464607
4856899380,0.502514138734
20834145,0.523865076187
822568802,0.558416970687
182446060,0.461457997051
162473641,0.609525942545
915924998,0.477917092288
3287312391,0.429812826496
21980851,0.566021780542
4159694920,0.512612081773
103508045,0.471364729842
314927206,0.553659744776
7039122,0.651453034436
147712159,0.630786021746
315615420,0.498960227828
14149825,0.555644408876
135620804,0.48566443998
33581258,0.52598633626
25422037,0.478062720878
33089758,0.478763007072
331376866,0.57324542436
268757302,0.552439801203
473524536,0.526566790623
571964470,0.553925463227
4063127891,0.621672657797
811624796,0.478343125552
1435509080,0.554656838194
377683003,0.529600749573
5990782,0.544193917179
76540301,0.492556311502
2574739866,0.605053997946
2369153479,0.764296705538
233761277,0.679798965298
215475968,0.519820657762
19360277,0.509699559713
1018620445,0.497629701866
731965982,0.596590728257
100110769,0.431963800731
219867689,0.507577099136
1458563664,0.442198546341
2783144541,0.496735215715
2476036543,0.42277497956
413362813,0.531581167563
1143368334,0.51959687427
838265496,0.50986286212
267938462,0.628242168003
3151882915,0.509771252463
283110084,0.511003617381
16673480,0.49034896291
562981626,0.634784555576
2946034450,0.482566457663
2288286854,0.521957754669
176909116,0.594109873163
247196478,0.491655226334
444361536,0.485381392063
21457760,0.496799739426
54193002,0.475600789351
343501683,0.483044810036
2792156032,0.412426768807
1456761750,0.517364801478
2312595268,0.507928773175
221637541,0.523070905955
52718518,0.519912415027
15592409,0.495684899909
2941152252,0.515024921439
963275773,0.490754127594
155773979,0.510575472588
3140643874,0.553840829334
152818187,0.496056915536
267021392,0.647532161165
14904437,0.621402458631
898952310,0.528451394618
15290909,0.510119741173
4612779200,0.569988217666
25062618,0.523696868434
293465310,0.54332722457
3483102436,0.520362553199
116845797,0.506445343485
257912039,0.433586009476
72325394,0.457515322398
43216109,0.52385844207
357461232,0.562384097596
51244287,0.378022541463
131262336,0.64436594314
332819736,0.498880114113
478309668,0.469884405703
265678117,0.448821969261
1900539194,0.662281433094
30534986,0.632604130691
2743762147,0.533654692353
162524508,0.487777619904
1164373388,0.481320183285
3666144674,0.500255607218
495447462,0.528434878639
256765371,0.53638882501
2582736318,0.540615491741
32370124,0.546008366217
15691217,0.519739954487
2387111383,0.473252908065
2362104414,0.703430787088
47738336,0.359284816538
252046831,0.563703459016
21982720,0.57951311691
63073834,0.693423706782
167898719,0.46174740451
21786220,0.608026143333
3297832559,0.670111237916
96824952,0.563623450158
963145339,0.477431314678
197095038,0.446651143536
1723952785,0.47009003965
1460760210,0.569601133084
81089137,0.532989991834
103706347,0.625102288046
59961072,0.435574929275
3259494140,0.45002359157
3339874060,0.439209823799
472510240,0.472365434938
48459553,0.567835796978
141946686,0.493156295298
3394924354,0.476596511888
278163308,0.54537702844
53309297,0.558436044615
293269370,0.48268358072
440201085,0.498187812246
5730192,0.533567966612
2672422810,0.498824785907
589754331,0.511995333906
979818301,0.516052011601
18149379,0.52546481858
82014214,0.515684815425
107374598,0.497522050583
56586281,0.516051246193
143159371,0.492391280501
534638680,0.547061241845
36532324,0.511475288514
2511302792,0.526714597189
2878075066,0.542081798884
163180737,0.619351538141
85127375,0.585085589999
427847925,0.592299170755
3310874893,0.512100554989
2896326927,0.460674529834
19558678,0.489978265137
1155273433,0.481670707269
32698651,0.507526630661
876656678,0.44743202551
145518909,0.511531576028
176910659,0.551073133545
2792747342,0.506428854375
15528275,0.521171627107
2651844968,0.528986707209
175075708,0.558255664412
22737278,0.619001757513
2316366210,0.629265778333
2809669704,0.486633215544
377188795,0.644983736084
2298671550,0.500059151983
56586687,0.498276455492
224391627,0.667026045968
21524994,0.481090236859
148828676,0.569317017678
3893162519,0.499060609299
14422439,0.615193529197
1270837801,0.457676475905
2730584163,0.479786093435
18018946,0.558001893397
2695656084,0.47558779537
35779221,0.652278450939
416305947,0.492689592929
509473454,0.474243074912
100673651,0.59095387899
24048309,0.636012339627
3691999935,0.50378455177
383906575,0.530386579933
23458577,0.286567230066
840528662,0.477000451796
312797318,0.513532129096
2191061814,0.530440509291
805333129,0.48384898113
315244005,0.572976621757
140571506,0.581108434095
108196727,0.449662511957
141311466,0.486221898605
18772897,0.570694706744
523629500,0.47518578531
140047339,0.57358467183
2957931503,0.491310710436
2248799216,0.614955672644
932585497,0.550324174889
2993222656,0.516828177873
16970757,0.501473892311
218526734,0.600140486128
1858270231,0.518957580808
4829344809,0.49191117085
15954997,0.712216129928
1495088653,0.489970560762
89781370,0.683616552829
408220808,0.501005833595
92186819,0.725720385242
147450056,0.571384453279
25523383,0.582414793198
4738383390,0.55798852018
747697374,0.495335259848
1407972582,0.622453379414
1571714280,0.662416188591
830829828,0.504149477816
86439208,0.492365029062
3113088297,0.476772662107
2246240480,0.542552917681
47609159,0.650109449713
3805800674,0.565706849655
152204625,0.528408763593
390526317,0.448114842801
137327982,0.500248543751
22869375,0.5445431247
15824288,0.616397365071
6059462,0.579848514206
428176844,0.493319021576
4061885906,0.523020215843
50427352,0.5359463007
33650159,0.477037561944
20444684,0.566275051774
749598222,0.601529248409
40367637,0.536583129497
26448815,0.509090726774
311621168,0.58699474433
538547125,0.519065214428
3410432950,0.64591773218
23721547,0.47874709552
25837158,0.455861627326
952334024,0.520307671685
2372368079,0.50839930176
48789206,0.567997388618
93574095,0.513102823695
16447203,0.564360953127
1313339132,0.564090171313
257801856,0.517302663336
12154642,0.547394449639
1380808520,0.436435793822
1188132697,0.540667112662
19756913,0.579555815224
2571925363,0.514991662918
3540580215,0.452527506737
4176516076,0.667775264451
555579293,0.499819480715
282392522,0.476832442387
822540241,0.606425850796
261060577,0.492200701797
4539913215,0.492607057066
312997895,0.509066541941
44431389,0.464059966394
280721456,0.474214958039
3130914869,0.578366393746
381515832,0.469139985247
42026991,0.504989614583
27392088,0.605784510725
1610741862,0.508736413511
3412562963,0.471361163896
353138804,0.656940255933
601290874,0.499174693576
14841990,0.52509959852
2473261232,0.495080340477
26671291,0.671177286423
2943056070,0.509781737643
498563302,0.30831561934
192379122,0.52858877025
601979135,0.472540358497
3229153556,0.480433583403
3154508072,0.526133593511
1251052585,0.487560255672
3232102722,0.492481767912
1536791610,0.610325075474
3389880671,0.528479563705
23722338,0.487364042699
22313347,0.565702779671
1421998471,0.545793533222
1271691679,0.500611183407
14154145,0.490758117526
45382058,0.475390461129
65272235,0.478070998438
364968370,0.562531510244
18545087,0.540761565578
1406691746,0.672605904613
9468372,0.612797623928
514718176,0.63069444264
3189078523,0.469130728882
17824265,0.616979799131
137525850,0.46916933586
55310956,0.53468085957
21282579,0.607857378231
385841800,0.557983379542
58915476,0.561225377098
18217624,0.676168707992
12144232,0.536071251455
3051944620,0.533430008799
18873014,0.474453113765
518027987,0.476912814218
21265109,0.520145378947
3315399386,0.483332513308
22084332,0.496399986896
2713877234,0.492858889118
2462808887,0.533191189915
385088319,0.651757318264
134249298,0.500581118777
3199302520,0.521119631856
324828033,0.537273090759
22182810,0.444255030849
3279196610,0.585725006575
161971127,0.420399292393
21461944,0.597032615215
167214012,0.501480046624
4317051854,0.476872590869
17628113,0.476505221173
3302915034,0.44120671652
16317406,0.58292664078
87030767,0.548567850693
48462847,0.46066889803
294452239,0.740194808452
234224660,0.504143041136
64617552,0.550976694684
22903890,0.525808890941
111475826,0.596054050575
1525578882,0.502752940164
126778508,0.55888837742
2865560724,0.583824157821
427654338,0.586802339363
3300064481,0.441768675326
4306599138,0.509003841204
1654488295,0.460055349316
1354732754,0.666135873385
70515960,0.655698735783
480804118,0.609535263123
2275605806,0.483027230815
456916306,0.547126537918
154139987,0.590475211908
334069080,0.569438196469
15659876,0.540936777783
2386034021,0.47233092093
1104346478,0.543959021845
41614718,0.4608941196
24771990,0.49207560173
220523088,0.511915749108
73170404,0.490699327853
202472938,0.503984544464
2257976822,0.469003119172
446332475,0.483842778157
40271429,0.58682604445
4265934436,0.497469781042
287407722,0.51703182306
34340464,0.682222048277
3409706945,0.646631308492
550272650,0.476203650798
917749700,0.499635718253
413395567,0.581504517928
7569062,0.499079244721
437190314,0.489574027316
139853489,0.456771506986
48103098,0.523389994714
111345339,0.568956174976
3846176453,0.464107860416
4706270920,0.632235846164
288915151,0.420734856908
1024999375,0.476884050342
2332065509,0.487370051584
109756379,0.417643543908
3430678311,0.551299207985
2558033729,0.439445803148
20479813,0.573947142601
44433231,0.713806790472
904396772,0.447658087285
1881112440,0.43471483464
3315269498,0.462888157634
273448833,0.66160307777
21692297,0.732518174435
47611798,0.378296109525
2802646946,0.45515122569
1418887076,0.496186123201
4859985830,0.4972960973
163250093,0.486096803266
630030255,0.492441757106
15564737,0.593505260974
2690777048,0.486467671938
2460450793,0.538863977527
931594219,0.447343732219
539492347,0.547106402995
17466186,0.539786450324
29461066,0.553358739024
74517909,0.458074572625
598348855,0.499426315169
125706625,0.683778403574
116830038,0.583849793976
148846102,0.48453226996
94551207,0.470392986608
2990718884,0.516700725475
17125184,0.534577264592
348321777,0.54797083299
147128025,0.524453911588
300538516,0.22671460488
4903974179,0.790187946968
19552358,0.464876399131
164584108,0.260271103903
1414117614,0.802513826426
442306827,0.678506969472
24399531,0.111881973529
39258707,0.82822561986
304696956,0.51697838453
2226289219,0.41391870317
327750233,0.0698061736362
568608987,0.973675621732
2181006680,0.494255693312
314167169,0.662464135684
2978122428,0.170963826052
547630729,0.998547910713
355720996,0.863830937556
993924499,0.170932144733
3706900213,0.42086364709
2931948320,0.311654767063
2889206220,0.918065943071
184637477,0.292352046663
4719313943,0.215140535248
284861750,0.704033742819
300698799,0.963333029755